file,model,lang_pair,src_lang,tgt_lang,direction,n_segments,mean,median,std,p10,p25,p75,p90
translations_OLMo-1B-0724-hf_cs-en_original.csv,OLMo-1B-0724-hf,cs-en,cs,en,original,100,0.4962462820112705,0.4457205832004547,0.17596375846898724,0.30028533935546875,0.34626659005880356,0.6571286022663116,0.7443693995475769
translations_OLMo-1B-0724-hf_cs-en_reverse.csv,OLMo-1B-0724-hf,cs-en,cs,en,reverse,100,0.44148952573537825,0.434282124042511,0.1467545455446281,0.2704061627388,0.3172989636659622,0.5177956223487854,0.6466521203517914
translations_OLMo-1B-0724-hf_de-en_original.csv,OLMo-1B-0724-hf,de-en,de,en,original,100,0.5720470795035362,0.5874928534030914,0.19208264990964483,0.33291535675525663,0.39793772995471954,0.7439244389533997,0.8169524550437928
translations_OLMo-1B-0724-hf_de-en_reverse.csv,OLMo-1B-0724-hf,de-en,de,en,reverse,100,0.6017097118496895,0.6180276572704315,0.1709271028468309,0.3917185664176941,0.48400865495204926,0.7128482460975647,0.8284420728683471
translations_OLMo-1B-0724-hf_fi-en_original.csv,OLMo-1B-0724-hf,fi-en,fi,en,original,100,0.5916560077667237,0.5772781372070312,0.19272170401274563,0.3609252333641052,0.4183580279350281,0.7551344037055969,0.8496370971202851
translations_OLMo-1B-0724-hf_fi-en_reverse.csv,OLMo-1B-0724-hf,fi-en,fi,en,reverse,100,0.6462189051508903,0.6411705613136292,0.18709920975944588,0.36214801073074343,0.4980791211128235,0.796686053276062,0.9074773252010345
translations_OLMo-1B-0724-hf_fr-de_original.csv,OLMo-1B-0724-hf,fr-de,fr,de,original,100,0.48547702878713606,0.4813738316297531,0.1441452396934882,0.29819669723510744,0.36805255711078644,0.5965461134910583,0.6715494394302368
translations_OLMo-1B-0724-hf_fr-de_reverse.csv,OLMo-1B-0724-hf,fr-de,fr,de,reverse,100,0.4525968137383461,0.4195573329925537,0.1445264633861187,0.2912906616926193,0.34105265885591507,0.5320861041545868,0.6421797335147859
translations_OLMo-1B-0724-hf_gu-en_original.csv,OLMo-1B-0724-hf,gu-en,gu,en,original,95,0.5286646714335994,0.5338632464408875,0.10358493246439436,0.39161189198493956,0.4641330987215042,0.5946681499481201,0.6654551863670349
translations_OLMo-1B-0724-hf_gu-en_reverse.csv,OLMo-1B-0724-hf,gu-en,gu,en,reverse,100,0.41354880288243295,0.41859695315361023,0.10292699994245899,0.28750269412994384,0.3465957045555115,0.4816141948103905,0.542588633298874
translations_OLMo-1B-0724-hf_kk-en_original.csv,OLMo-1B-0724-hf,kk-en,kk,en,original,99,0.4474961446090178,0.4488019347190857,0.12776629687347568,0.2720951855182648,0.34911178052425385,0.5325315296649933,0.5971985220909118
translations_OLMo-1B-0724-hf_kk-en_reverse.csv,OLMo-1B-0724-hf,kk-en,kk,en,reverse,100,0.39671925991773604,0.4066142439842224,0.10053288908044991,0.2620826631784439,0.3334372639656067,0.4547036960721016,0.5248718321323397
translations_OLMo-1B-0724-hf_lt-en_original.csv,OLMo-1B-0724-hf,lt-en,lt,en,original,100,0.49463203132152556,0.478706493973732,0.16173641293360239,0.3092192143201828,0.35515307635068893,0.5861552953720093,0.7427817881107331
translations_OLMo-1B-0724-hf_lt-en_reverse.csv,OLMo-1B-0724-hf,lt-en,lt,en,reverse,100,0.4360328243672848,0.42240186035633087,0.1243410584054855,0.29541735649108886,0.32464322447776794,0.5391182005405426,0.5970807969570161
translations_OLMo-1B-0724-hf_ru-en_original.csv,OLMo-1B-0724-hf,ru-en,ru,en,original,100,0.5403129567205905,0.6008174419403076,0.22345821671901017,0.270018196105957,0.31262264400720596,0.7235929369926453,0.8023368775844574
translations_OLMo-1B-0724-hf_ru-en_reverse.csv,OLMo-1B-0724-hf,ru-en,ru,en,reverse,100,0.4046659034490585,0.38209886848926544,0.16612215424403926,0.18855894654989241,0.3356647938489914,0.43378066271543503,0.6264228761196138
translations_OLMo-1B-0724-hf_zh-en_original.csv,OLMo-1B-0724-hf,zh-en,zh,en,original,100,0.6800794404745102,0.7414210140705109,0.17451019655755617,0.4154416799545288,0.5495119243860245,0.8278749883174896,0.8640231311321258
translations_OLMo-1B-0724-hf_zh-en_reverse.csv,OLMo-1B-0724-hf,zh-en,zh,en,reverse,100,0.5300956204533577,0.52237468957901,0.15904274034884217,0.32454768419265745,0.4290347620844841,0.5969107747077942,0.7667960584163668
translations_Phi-3.5-mini-instruct_cs-en.csv,Phi-3.5-mini-instruct,cs-en,cs,en,unspecified,50,0.4834850624203682,0.44965995848178864,0.14924689721448967,0.3300696223974228,0.37312590330839157,0.5628259032964706,0.715723842382431
translations_Phi-3.5-mini-instruct_cs-en_reverse.csv,Phi-3.5-mini-instruct,cs-en,cs,en,reverse,50,0.3467219963669777,0.3241148889064789,0.09680135619006222,0.25426529049873353,0.282634474337101,0.3780413791537285,0.4574180155992508
translations_Phi-3.5-mini-instruct_de-en.csv,Phi-3.5-mini-instruct,de-en,de,en,unspecified,50,0.6029404002428055,0.5269426703453064,0.20059820663984737,0.3779009461402893,0.4282219931483269,0.8051646798849106,0.888894522190094
translations_Phi-3.5-mini-instruct_de-en_reverse.csv,Phi-3.5-mini-instruct,de-en,de,en,reverse,50,0.41772061049938203,0.3739123046398163,0.15905190338900424,0.2829197019338608,0.3254367858171463,0.44664277136325836,0.5716134667396546
translations_Phi-3.5-mini-instruct_fi-en.csv,Phi-3.5-mini-instruct,fi-en,fi,en,unspecified,50,0.5438029682636261,0.49490779638290405,0.15857990661241964,0.38154757022857666,0.44821541756391525,0.646132156252861,0.761879849433899
translations_Phi-3.5-mini-instruct_fi-en_reverse.csv,Phi-3.5-mini-instruct,fi-en,fi,en,reverse,50,0.4045577734708786,0.38790805637836456,0.11119311464867827,0.324552184343338,0.3353137895464897,0.4129922613501549,0.4856935501098633
translations_Phi-3.5-mini-instruct_fr-de.csv,Phi-3.5-mini-instruct,fr-de,fr,de,unspecified,50,0.40374274879693983,0.3780015558004379,0.14731295814744946,0.2656320363283157,0.30899327248334885,0.4390813559293747,0.5710919797420502
translations_Phi-3.5-mini-instruct_fr-de_reverse.csv,Phi-3.5-mini-instruct,fr-de,fr,de,reverse,50,0.5464027756452561,0.47913171350955963,0.20614100151434384,0.32940894961357114,0.3770918771624565,0.693731889128685,0.8736761271953584
translations_Phi-3.5-mini-instruct_gu-en.csv,Phi-3.5-mini-instruct,gu-en,gu,en,unspecified,33,0.49376537763711176,0.487826943397522,0.05959703447050811,0.42582530379295347,0.46652454137802124,0.5324599146842957,0.558146595954895
translations_Phi-3.5-mini-instruct_gu-en_reverse.csv,Phi-3.5-mini-instruct,gu-en,gu,en,reverse,50,0.34142992436885833,0.33781298995018005,0.051336812839799635,0.28359691202640536,0.3060796335339546,0.3704591169953346,0.4049783140420914
translations_Phi-3.5-mini-instruct_kk-en.csv,Phi-3.5-mini-instruct,kk-en,kk,en,unspecified,50,0.4919589000940323,0.47780828177928925,0.10266474371252654,0.3719979107379913,0.4270729571580887,0.5702972710132599,0.6453656792640686
translations_Phi-3.5-mini-instruct_kk-en_reverse.csv,Phi-3.5-mini-instruct,kk-en,kk,en,reverse,50,0.2953472685813904,0.2884132117033005,0.08057094058786007,0.2065975621342659,0.2419104389846325,0.33096104860305786,0.3786295682191849
translations_Phi-3.5-mini-instruct_lt-en.csv,Phi-3.5-mini-instruct,lt-en,lt,en,unspecified,50,0.46241298735141756,0.4535423070192337,0.12752029950316895,0.3021078944206238,0.3851582258939743,0.5370243042707443,0.6327373266220093
translations_Phi-3.5-mini-instruct_lt-en_reverse.csv,Phi-3.5-mini-instruct,lt-en,lt,en,reverse,50,0.30346368700265886,0.30430543422698975,0.05454797805499781,0.2365147978067398,0.26835818588733673,0.34007856994867325,0.36284289360046384
translations_Phi-3.5-mini-instruct_ru-en.csv,Phi-3.5-mini-instruct,ru-en,ru,en,unspecified,50,0.5463754749298095,0.5551257133483887,0.14640362101153168,0.3928098022937775,0.4207114800810814,0.6638942509889603,0.7067725896835327
translations_Phi-3.5-mini-instruct_ru-en_reverse.csv,Phi-3.5-mini-instruct,ru-en,ru,en,reverse,50,0.4310694098472595,0.38930611312389374,0.17293739139720365,0.2379062756896019,0.3246721923351288,0.5063647627830505,0.6852643430233002
translations_Phi-3.5-mini-instruct_zh-en.csv,Phi-3.5-mini-instruct,zh-en,zh,en,unspecified,50,0.559180298447609,0.5112203657627106,0.19623709611750195,0.3075392484664917,0.39264868944883347,0.7228303253650665,0.8253802537918091
translations_Phi-3.5-mini-instruct_zh-en_reverse.csv,Phi-3.5-mini-instruct,zh-en,zh,en,reverse,50,0.491568586230278,0.4211275428533554,0.217673143256479,0.2649944841861725,0.3349386751651764,0.6333412379026413,0.8457509577274323
translations_Qwen2.5-0.5B-Instruct_cs-en_original.csv,Qwen2.5-0.5B-Instruct,cs-en,cs,en,original,100,0.4749452844262123,0.459924578666687,0.09344984263392006,0.3687385320663452,0.41207723319530487,0.5366467237472534,0.5885016739368439
translations_Qwen2.5-0.5B-Instruct_cs-en_reverse.csv,Qwen2.5-0.5B-Instruct,cs-en,cs,en,reverse,100,0.3546243673563004,0.3575192540884018,0.07841569141874967,0.25124356150627136,0.30960046499967575,0.41110528260469437,0.45030036866664885
translations_Qwen2.5-0.5B-Instruct_de-en_original.csv,Qwen2.5-0.5B-Instruct,de-en,de,en,original,100,0.47494352370500564,0.46159663796424866,0.11230641174290866,0.34509882628917693,0.3938870280981064,0.5560158044099808,0.6185899198055268
translations_Qwen2.5-0.5B-Instruct_de-en_reverse.csv,Qwen2.5-0.5B-Instruct,de-en,de,en,reverse,100,0.3791232630610466,0.3697456866502762,0.09541491196836482,0.2732500612735748,0.31432493031024933,0.433997243642807,0.49713874757289894
translations_Qwen2.5-0.5B-Instruct_fi-en_original.csv,Qwen2.5-0.5B-Instruct,fi-en,fi,en,original,100,0.48576244443655014,0.48426684737205505,0.09265594840680566,0.34981889128684995,0.4288104921579361,0.5457253009080887,0.5996201813220978
translations_Qwen2.5-0.5B-Instruct_fi-en_reverse.csv,Qwen2.5-0.5B-Instruct,fi-en,fi,en,reverse,100,0.3902120615541935,0.38315649330616,0.0754253046624456,0.3029744565486908,0.3368436470627785,0.4464095011353493,0.48279613852500924
translations_Qwen2.5-0.5B-Instruct_fr-de_original.csv,Qwen2.5-0.5B-Instruct,fr-de,fr,de,original,100,0.34946377903223036,0.3464924693107605,0.08479449080217834,0.24531257450580599,0.2863834276795387,0.3921296074986458,0.4650866210460663
translations_Qwen2.5-0.5B-Instruct_fr-de_reverse.csv,Qwen2.5-0.5B-Instruct,fr-de,fr,de,reverse,100,0.37586474254727364,0.3715294897556305,0.07546400155462818,0.2841776221990585,0.31534551084041595,0.41951487958431244,0.48864663243293766
translations_Qwen2.5-0.5B-Instruct_gu-en_original.csv,Qwen2.5-0.5B-Instruct,gu-en,gu,en,original,95,0.4217629542476253,0.41025063395500183,0.055639052847800505,0.36486499905586245,0.3844528794288635,0.44729453325271606,0.5099814057350159
translations_Qwen2.5-0.5B-Instruct_gu-en_reverse.csv,Qwen2.5-0.5B-Instruct,gu-en,gu,en,reverse,100,0.3198551119863987,0.3126201778650284,0.06073610488417685,0.24301079511642457,0.27947182953357697,0.3678838014602661,0.39543773829936985
translations_Qwen2.5-0.5B-Instruct_kk-en_original.csv,Qwen2.5-0.5B-Instruct,kk-en,kk,en,original,99,0.44106047231741624,0.43220004439353943,0.09912232093880853,0.3117194175720215,0.3557991534471512,0.5149988234043121,0.5878343105316163
translations_Qwen2.5-0.5B-Instruct_kk-en_reverse.csv,Qwen2.5-0.5B-Instruct,kk-en,kk,en,reverse,100,0.30112614795565606,0.3052648454904556,0.07391943360656987,0.201474891602993,0.2469547539949417,0.3570249155163765,0.38474643826484684
translations_Qwen2.5-0.5B-Instruct_lt-en_original.csv,Qwen2.5-0.5B-Instruct,lt-en,lt,en,original,100,0.44056653112173083,0.42530034482479095,0.09203532325026806,0.31580000221729276,0.3801919147372246,0.5101989060640335,0.5630000054836274
translations_Qwen2.5-0.5B-Instruct_lt-en_reverse.csv,Qwen2.5-0.5B-Instruct,lt-en,lt,en,reverse,100,0.34279544696211817,0.32638657093048096,0.06930740153015061,0.26036245226860044,0.28373972326517105,0.40332216769456863,0.43628262579441074
translations_Qwen2.5-0.5B-Instruct_ru-en_original.csv,Qwen2.5-0.5B-Instruct,ru-en,ru,en,original,100,0.5103735545277596,0.510693371295929,0.11932513146375921,0.36355240046978,0.4121566563844681,0.6016956567764282,0.6729349792003632
translations_Qwen2.5-0.5B-Instruct_ru-en_reverse.csv,Qwen2.5-0.5B-Instruct,ru-en,ru,en,reverse,100,0.33944913759827616,0.3456902801990509,0.09675283675163135,0.21389608830213547,0.27452627569437027,0.3956550881266594,0.44220926165580765
translations_Qwen2.5-0.5B-Instruct_zh-en_original.csv,Qwen2.5-0.5B-Instruct,zh-en,zh,en,original,100,0.5570276574790478,0.5740723013877869,0.13693128954513945,0.3795553743839264,0.4576152265071869,0.6427326500415802,0.7270202577114105
translations_Qwen2.5-0.5B-Instruct_zh-en_reverse.csv,Qwen2.5-0.5B-Instruct,zh-en,zh,en,reverse,100,0.4611579830944538,0.46540530025959015,0.11367335937498571,0.31038792729377745,0.37700236588716507,0.5265612602233887,0.5898422539234163
translations_Qwen2.5-1.5B-Instruct_cs-en_original.csv,Qwen2.5-1.5B-Instruct,cs-en,cs,en,original,100,0.49358689606189726,0.4828294813632965,0.11335685359176603,0.36184374392032626,0.413969524204731,0.5639270693063736,0.6344167232513429
translations_Qwen2.5-1.5B-Instruct_cs-en_reverse.csv,Qwen2.5-1.5B-Instruct,cs-en,cs,en,reverse,100,0.35453334838151934,0.34042856097221375,0.09112052162938308,0.25789296329021455,0.2931220307946205,0.41472359746694565,0.4740182101726532
translations_Qwen2.5-1.5B-Instruct_de-en_original.csv,Qwen2.5-1.5B-Instruct,de-en,de,en,original,100,0.513136237859726,0.5171364843845367,0.11998547324107581,0.361721134185791,0.42161451280117035,0.5828021019697189,0.670401108264923
translations_Qwen2.5-1.5B-Instruct_de-en_reverse.csv,Qwen2.5-1.5B-Instruct,de-en,de,en,reverse,100,0.3932490907609463,0.3765954524278641,0.11076825102765828,0.27417483031749723,0.30546242743730545,0.47053100168704987,0.5291428029537202
translations_Qwen2.5-1.5B-Instruct_fi-en_original.csv,Qwen2.5-1.5B-Instruct,fi-en,fi,en,original,100,0.5276986403763294,0.5263432264328003,0.10003306751032282,0.4179614007472992,0.45683223754167557,0.5927103757858276,0.6426735699176789
translations_Qwen2.5-1.5B-Instruct_fi-en_reverse.csv,Qwen2.5-1.5B-Instruct,fi-en,fi,en,reverse,100,0.38687839344143865,0.38064467906951904,0.06970392019532877,0.2939446955919266,0.3460686132311821,0.4405151531100273,0.4755202144384385
translations_Qwen2.5-1.5B-Instruct_fr-de_original.csv,Qwen2.5-1.5B-Instruct,fr-de,fr,de,original,100,0.3692399246990681,0.35902412235736847,0.0962566418462232,0.2640949159860611,0.3005513548851013,0.41975970566272736,0.4877168625593188
translations_Qwen2.5-1.5B-Instruct_fr-de_reverse.csv,Qwen2.5-1.5B-Instruct,fr-de,fr,de,reverse,100,0.3828826792538166,0.3698467016220093,0.09463563560833521,0.28330141603946685,0.3218681141734123,0.42764491587877274,0.49876741468906405
translations_Qwen2.5-1.5B-Instruct_gu-en_original.csv,Qwen2.5-1.5B-Instruct,gu-en,gu,en,original,95,0.4813330713071321,0.4654359221458435,0.09803909257599956,0.38158215284347535,0.4088888466358185,0.5391962230205536,0.6032736063003541
translations_Qwen2.5-1.5B-Instruct_gu-en_reverse.csv,Qwen2.5-1.5B-Instruct,gu-en,gu,en,reverse,100,0.3373840579390526,0.33469320833683014,0.07022527118780031,0.24611898958683015,0.2862008810043335,0.3819226548075676,0.4363424301147461
translations_Qwen2.5-1.5B-Instruct_kk-en_original.csv,Qwen2.5-1.5B-Instruct,kk-en,kk,en,original,99,0.5118342385147557,0.525115966796875,0.10111079957197958,0.35853288173675535,0.4475470632314682,0.5782985687255859,0.6273479461669922
translations_Qwen2.5-1.5B-Instruct_kk-en_reverse.csv,Qwen2.5-1.5B-Instruct,kk-en,kk,en,reverse,100,0.31917475879192353,0.32631295919418335,0.0723532553248974,0.2185367614030838,0.269115686416626,0.3795655816793442,0.3988127291202545
translations_Qwen2.5-1.5B-Instruct_lt-en_original.csv,Qwen2.5-1.5B-Instruct,lt-en,lt,en,original,100,0.4710941100120544,0.4573444724082947,0.10180074627794358,0.3503496259450912,0.4018634110689163,0.5404653400182724,0.6165558755397798
translations_Qwen2.5-1.5B-Instruct_lt-en_reverse.csv,Qwen2.5-1.5B-Instruct,lt-en,lt,en,reverse,100,0.35245054006576537,0.34633590281009674,0.07335649736288466,0.2561275392770767,0.28959493339061737,0.41218428313732147,0.4557176172733307
translations_Qwen2.5-1.5B-Instruct_ru-en_original.csv,Qwen2.5-1.5B-Instruct,ru-en,ru,en,original,100,0.5305275592207909,0.5295556783676147,0.11937457924924265,0.3920543909072876,0.43961813300848007,0.6083255112171173,0.681119167804718
translations_Qwen2.5-1.5B-Instruct_ru-en_reverse.csv,Qwen2.5-1.5B-Instruct,ru-en,ru,en,reverse,100,0.31369309589266775,0.2982855886220932,0.11109997897890916,0.187567999958992,0.23616255074739456,0.3625658005475998,0.4116355001926422
translations_Qwen2.5-1.5B-Instruct_zh-en_original.csv,Qwen2.5-1.5B-Instruct,zh-en,zh,en,original,100,0.5609946975111961,0.5609562993049622,0.1505088631726253,0.35755985975265503,0.46351780742406845,0.6659133285284042,0.7754640102386474
translations_Qwen2.5-1.5B-Instruct_zh-en_reverse.csv,Qwen2.5-1.5B-Instruct,zh-en,zh,en,reverse,100,0.4447887922823429,0.44732385873794556,0.12693866088281108,0.27040440440177915,0.36281146109104156,0.5186588913202286,0.6131523370742799
translations_Qwen2.5-3B-Instruct_cs-en_original.csv,Qwen2.5-3B-Instruct,cs-en,cs,en,original,100,0.5412415400147438,0.5009583979845047,0.1508467218689591,0.3923446208238602,0.43423331528902054,0.6194749623537064,0.7807062566280366
translations_Qwen2.5-3B-Instruct_cs-en_reverse.csv,Qwen2.5-3B-Instruct,cs-en,cs,en,reverse,100,0.36995462626218795,0.3442128896713257,0.11450600166740431,0.2589554101228714,0.29983339458703995,0.4119831994175911,0.5060874879360201
translations_Qwen2.5-3B-Instruct_de-en_original.csv,Qwen2.5-3B-Instruct,de-en,de,en,original,100,0.5393540880084038,0.5161251127719879,0.12864584503711002,0.41233321130275724,0.4317470192909241,0.6166066974401474,0.716274780035019
translations_Qwen2.5-3B-Instruct_de-en_reverse.csv,Qwen2.5-3B-Instruct,de-en,de,en,reverse,100,0.3914744004607201,0.3363887369632721,0.15116095476031557,0.26972573697566987,0.3008977100253105,0.4017113223671913,0.6177268028259282
translations_Qwen2.5-3B-Instruct_fi-en_original.csv,Qwen2.5-3B-Instruct,fi-en,fi,en,original,100,0.543921263217926,0.5319583415985107,0.1178009853798639,0.39765732288360595,0.46430692076683044,0.6088360100984573,0.7209627389907838
translations_Qwen2.5-3B-Instruct_fi-en_reverse.csv,Qwen2.5-3B-Instruct,fi-en,fi,en,reverse,100,0.38335183888673785,0.3568901866674423,0.09050870537108407,0.29066623747348785,0.3216118887066841,0.4324645549058914,0.5109211444854737
translations_Qwen2.5-3B-Instruct_fr-de_original.csv,Qwen2.5-3B-Instruct,fr-de,fr,de,original,100,0.37621297508478163,0.3369746059179306,0.12950219658543566,0.2650625824928284,0.29148294776678085,0.42388149350881577,0.5263488709926606
translations_Qwen2.5-3B-Instruct_fr-de_reverse.csv,Qwen2.5-3B-Instruct,fr-de,fr,de,reverse,100,0.40912694215774537,0.3747875988483429,0.12953905224143863,0.28024046719074247,0.3195904940366745,0.45633216947317123,0.6265750586986545
translations_Qwen2.5-3B-Instruct_gu-en_original.csv,Qwen2.5-3B-Instruct,gu-en,gu,en,original,95,0.4932539259132586,0.4782319664955139,0.09116448199537328,0.4035117208957672,0.4391528069972992,0.5226856768131256,0.5972201943397523
translations_Qwen2.5-3B-Instruct_gu-en_reverse.csv,Qwen2.5-3B-Instruct,gu-en,gu,en,reverse,100,0.35562894701957704,0.3484746664762497,0.08835531437444885,0.2525425046682358,0.2889533191919327,0.4149921387434006,0.4575664222240448
translations_Qwen2.5-3B-Instruct_kk-en_original.csv,Qwen2.5-3B-Instruct,kk-en,kk,en,original,99,0.44322841938095864,0.39484453201293945,0.1244102890683402,0.3318196713924408,0.3521420657634735,0.5102430880069733,0.6406040072441102
translations_Qwen2.5-3B-Instruct_kk-en_reverse.csv,Qwen2.5-3B-Instruct,kk-en,kk,en,reverse,100,0.3022468861937523,0.313628152012825,0.0685740227688193,0.21189508587121964,0.252473346889019,0.35142654180526733,0.38271082639694215
translations_Qwen2.5-3B-Instruct_lt-en_original.csv,Qwen2.5-3B-Instruct,lt-en,lt,en,original,100,0.479112463593483,0.4595274329185486,0.10430784508711169,0.3775013297796249,0.4052075445652008,0.5350239872932434,0.632393616437912
translations_Qwen2.5-3B-Instruct_lt-en_reverse.csv,Qwen2.5-3B-Instruct,lt-en,lt,en,reverse,100,0.33578742131590844,0.3305436819791794,0.060138341149876935,0.2698493957519531,0.29311075061559677,0.36381492763757706,0.420755273103714
translations_Qwen2.5-3B-Instruct_ru-en_original.csv,Qwen2.5-3B-Instruct,ru-en,ru,en,original,100,0.5718268433213234,0.5604916512966156,0.15937622592186867,0.3787058025598526,0.450614333152771,0.6781070083379745,0.8164114117622375
translations_Qwen2.5-3B-Instruct_ru-en_reverse.csv,Qwen2.5-3B-Instruct,ru-en,ru,en,reverse,100,0.375868838429451,0.3778099864721298,0.13057623862086698,0.2183264449238777,0.2576010376214981,0.48335157334804535,0.551559990644455
translations_Qwen2.5-3B-Instruct_zh-en_original.csv,Qwen2.5-3B-Instruct,zh-en,zh,en,original,100,0.5874857139587403,0.5815531313419342,0.13576107410845006,0.42826446890830994,0.5030491352081299,0.6707028746604919,0.7925638139247895
translations_Qwen2.5-3B-Instruct_zh-en_reverse.csv,Qwen2.5-3B-Instruct,zh-en,zh,en,reverse,100,0.5567922785878181,0.5667413771152496,0.11642323803558126,0.3896657556295395,0.49582016468048096,0.6461374461650848,0.6934389591217042
translations_gemma-7b-it_bn-en.csv,gemma-7b-it,bn-en,bn,en,unspecified,100,0.8582615232467652,0.8673121333122253,0.06194370381178965,0.7925148785114289,0.8342468738555908,0.8940646648406982,0.9255768537521363
translations_gemma-7b-it_cs-en.csv,gemma-7b-it,cs-en,cs,en,unspecified,100,0.7841657736897468,0.8249463438987732,0.1252069736996286,0.5818014085292816,0.7433419078588486,0.8705693483352661,0.902396160364151
translations_gemma-7b-it_de-en.csv,gemma-7b-it,de-en,de,en,unspecified,100,0.8167951768636703,0.8307363092899323,0.0860160160809043,0.6986318051815033,0.7801070660352707,0.8749307841062546,0.9100201785564422
translations_gemma-7b-it_en-bn.csv,gemma-7b-it,en-bn,en,bn,unspecified,99,0.7994608141557135,0.8041717410087585,0.09665264876278169,0.6680221438407898,0.7445003688335419,0.8696867227554321,0.9143268465995789
translations_gemma-7b-it_et-en.csv,gemma-7b-it,et-en,et,en,unspecified,100,0.7074708729982376,0.7375465631484985,0.14792956526475454,0.5107516944408417,0.5919308066368103,0.8006453067064285,0.8987452149391175
translations_gemma-7b-it_fi-en.csv,gemma-7b-it,fi-en,fi,en,unspecified,98,0.7834138061319079,0.8011456727981567,0.11090634488684109,0.6411222040653228,0.7183071672916412,0.869045227766037,0.9040792167186738
translations_gemma-7b-it_fr-de.csv,gemma-7b-it,fr-de,fr,de,unspecified,98,0.7172512369496482,0.7425821721553802,0.16007850694364284,0.49030977189540864,0.5971768498420715,0.8393794894218445,0.9152088522911072
translations_gemma-7b-it_gu-en.csv,gemma-7b-it,gu-en,gu,en,unspecified,98,0.8016327038711432,0.829759955406189,0.09575548727181896,0.6417253315448761,0.7579361647367477,0.8668478727340698,0.8914868652820587
translations_gemma-7b-it_kk-en.csv,gemma-7b-it,kk-en,kk,en,unspecified,98,0.7158227371318,0.7298492789268494,0.10710324325459114,0.5810810267925263,0.6496380418539047,0.7880654484033585,0.8309747397899627
translations_gemma-7b-it_lt-en.csv,gemma-7b-it,lt-en,lt,en,unspecified,100,0.7260639455914497,0.7590023875236511,0.1201482641381278,0.5422940850257874,0.6437049359083176,0.8177196383476257,0.8496298253536224
translations_gemma-7b-it_ru-en.csv,gemma-7b-it,ru-en,ru,en,unspecified,99,0.816220653779579,0.824756920337677,0.07840055384287226,0.7295480608940125,0.7803715765476227,0.8657045662403107,0.8890459775924683
translations_gemma-7b-it_tr-en.csv,gemma-7b-it,tr-en,tr,en,unspecified,99,0.8235306658528068,0.8422761559486389,0.0854461256607243,0.7149337649345398,0.775280624628067,0.8781583607196808,0.9121176838874817
translations_gemma-7b-it_zh-en.csv,gemma-7b-it,zh-en,zh,en,unspecified,97,0.8274178068662427,0.8417482972145081,0.07472276583265787,0.758376169204712,0.7968807816505432,0.8690152764320374,0.8917545914649964
translations_gemma2-9b-it_bn-en.csv,gemma2-9b-it,bn-en,bn,en,unspecified,100,0.7812005510926247,0.7763455212116241,0.09508845769933909,0.6756403088569641,0.7168345004320145,0.840188056230545,0.9205508708953858
translations_gemma2-9b-it_cs-en.csv,gemma2-9b-it,cs-en,cs,en,unspecified,100,0.664958908855915,0.65850430727005,0.11419011551516779,0.5236503958702088,0.5910246670246124,0.7353058606386185,0.7921577692031861
translations_gemma2-9b-it_de-en.csv,gemma2-9b-it,de-en,de,en,unspecified,100,0.719851502776146,0.703782469034195,0.10500543364348838,0.6000153541564941,0.6512758135795593,0.7790931612253189,0.8765144050121308
translations_gemma2-9b-it_en-bn.csv,gemma2-9b-it,en-bn,en,bn,unspecified,100,0.6092030084133149,0.5780735313892365,0.1276314233635222,0.4487729251384735,0.5246205776929855,0.7198645919561386,0.7898242294788361
translations_gemma2-9b-it_et-en.csv,gemma2-9b-it,et-en,et,en,unspecified,100,0.7374617540836335,0.7247300148010254,0.1533430354867064,0.5565392017364502,0.611861065030098,0.8881598860025406,0.9361604094505311
translations_gemma2-9b-it_fi-en.csv,gemma2-9b-it,fi-en,fi,en,unspecified,100,0.7286829525232315,0.7321292459964752,0.10700946315846459,0.5709321975708008,0.6598172783851624,0.7978306412696838,0.8706090986728668
translations_gemma2-9b-it_fr-de.csv,gemma2-9b-it,fr-de,fr,de,unspecified,100,0.544938369244337,0.5422195494174957,0.13785801206394652,0.36197790801525115,0.4606098607182503,0.6123109310865402,0.6853122830390931
translations_gemma2-9b-it_gu-en.csv,gemma2-9b-it,gu-en,gu,en,unspecified,100,0.7535504719614983,0.7563207745552063,0.08429804829912964,0.6553066611289978,0.7095500528812408,0.8002867847681046,0.8350337564945222
translations_gemma2-9b-it_kk-en.csv,gemma2-9b-it,kk-en,kk,en,unspecified,100,0.6748237431049346,0.7003270089626312,0.12383364603890329,0.4999948024749756,0.5842059701681137,0.7731715440750122,0.7985304772853852
translations_gemma2-9b-it_lt-en.csv,gemma2-9b-it,lt-en,lt,en,unspecified,100,0.7121684607863427,0.7036855816841125,0.11074378519003385,0.5894457578659058,0.6336665898561478,0.7766638845205307,0.8676027953624726
translations_gemma2-9b-it_ru-en.csv,gemma2-9b-it,ru-en,ru,en,unspecified,100,0.7559667709469795,0.7499376833438873,0.11453430692860969,0.6040718793869019,0.6801718920469284,0.8606745302677155,0.887176388502121
translations_gemma2-9b-it_tr-en.csv,gemma2-9b-it,tr-en,tr,en,unspecified,100,0.743080105483532,0.7336537539958954,0.117755825316693,0.6141512513160705,0.6597401350736618,0.8209529519081116,0.9138879179954529
translations_gemma2-9b-it_zh-en.csv,gemma2-9b-it,zh-en,zh,en,unspecified,100,0.7720014226436615,0.8023802638053894,0.1271131407913033,0.5754100263118744,0.7201672345399857,0.8703061044216156,0.8926567316055298
translations_llama-3.1-70b-versatile_bn-en.csv,llama-3.1-70b-versatile,bn-en,bn,en,unspecified,100,0.9126126092672348,0.9162550866603851,0.031944645122502946,0.8783104360103607,0.8896184116601944,0.9323824942111969,0.947904908657074
translations_llama-3.1-70b-versatile_cs-en.csv,llama-3.1-70b-versatile,cs-en,cs,en,unspecified,100,0.8574987208843231,0.8805267810821533,0.08732431116356587,0.7599918484687805,0.8328198939561844,0.9078938812017441,0.9287215769290924
translations_llama-3.1-70b-versatile_de-en.csv,llama-3.1-70b-versatile,de-en,de,en,unspecified,100,0.8637509202957153,0.8745113015174866,0.06937158238367881,0.7688910782337188,0.8273024708032608,0.9088001549243927,0.9344613432884217
translations_llama-3.1-70b-versatile_en-bn.csv,llama-3.1-70b-versatile,en-bn,en,bn,unspecified,100,0.92806465446949,0.9381672739982605,0.03852379144003537,0.8903988778591156,0.9165027141571045,0.9526447057723999,0.9622072577476501
translations_llama-3.1-70b-versatile_et-en.csv,llama-3.1-70b-versatile,et-en,et,en,unspecified,100,0.8803295689821243,0.8954317271709442,0.07216512135047347,0.792789077758789,0.8476080596446991,0.9263373166322708,0.956889009475708
translations_llama-3.1-70b-versatile_fi-en.csv,llama-3.1-70b-versatile,fi-en,fi,en,unspecified,100,0.8758190482854843,0.8848089575767517,0.055229111701734515,0.802134382724762,0.8506196886301041,0.9121294766664505,0.93997842669487
translations_llama-3.1-70b-versatile_fr-de.csv,llama-3.1-70b-versatile,fr-de,fr,de,unspecified,100,0.7954079684615135,0.832706481218338,0.13243141452797877,0.5640883147716522,0.7558867484331131,0.8831444531679153,0.9245474994182586
translations_llama-3.1-70b-versatile_gu-en.csv,llama-3.1-70b-versatile,gu-en,gu,en,unspecified,100,0.8896240067481994,0.899775892496109,0.05378005909211419,0.8012560546398163,0.8707210719585419,0.9233314245939255,0.9439886033535004
translations_llama-3.1-70b-versatile_kk-en.csv,llama-3.1-70b-versatile,kk-en,kk,en,unspecified,100,0.8524899011850358,0.8599638044834137,0.06160963274955936,0.7874961912631988,0.8182932585477829,0.8920439034700394,0.9174973249435425
translations_llama-3.1-70b-versatile_lt-en.csv,llama-3.1-70b-versatile,lt-en,lt,en,unspecified,100,0.8392351317405701,0.8500359654426575,0.06614177615885891,0.7517860233783722,0.8143918663263321,0.8780170381069183,0.909963595867157
translations_llama-3.1-70b-versatile_ru-en.csv,llama-3.1-70b-versatile,ru-en,ru,en,unspecified,100,0.8526425957679749,0.8597141802310944,0.06040699773533633,0.7973213136196137,0.8279519379138947,0.8842926919460297,0.914540469646454
translations_llama-3.1-70b-versatile_tr-en.csv,llama-3.1-70b-versatile,tr-en,tr,en,unspecified,100,0.8891105967760086,0.8960444033145905,0.054143613833190586,0.8253819465637207,0.8659539371728897,0.9238367825746536,0.9501709163188934
translations_llama-3.1-70b-versatile_zh-en.csv,llama-3.1-70b-versatile,zh-en,zh,en,unspecified,100,0.8593334949016571,0.8694842159748077,0.05773514410176317,0.7986402213573456,0.8340112566947937,0.8950740545988083,0.9153593182563782
translations_llama-3.1-8b-instant_bn-en.csv,llama-3.1-8b-instant,bn-en,bn,en,unspecified,100,0.8691993600130081,0.8936050832271576,0.08240938450321816,0.7395935356616974,0.8600716441869736,0.9218388646841049,0.9404658377170563
translations_llama-3.1-8b-instant_cs-en.csv,llama-3.1-8b-instant,cs-en,cs,en,unspecified,100,0.8143659037351608,0.853748232126236,0.12210713576735881,0.6302044272422791,0.7802315056324005,0.8891468942165375,0.9228998124599457
translations_llama-3.1-8b-instant_de-en.csv,llama-3.1-8b-instant,de-en,de,en,unspecified,100,0.796118873655796,0.8524685800075531,0.12356685725074826,0.6090195417404175,0.705086812376976,0.8882174640893936,0.9154253959655761
translations_llama-3.1-8b-instant_en-bn.csv,llama-3.1-8b-instant,en-bn,en,bn,unspecified,100,0.8426562601327896,0.8852875828742981,0.13012622851858419,0.6583578884601593,0.8192377984523773,0.9265986829996109,0.9513630747795105
translations_llama-3.1-8b-instant_et-en.csv,llama-3.1-8b-instant,et-en,et,en,unspecified,100,0.827360768020153,0.8619797229766846,0.12329352505840613,0.6273606956005097,0.7811378538608551,0.9116636663675308,0.9498933911323547
translations_llama-3.1-8b-instant_fi-en.csv,llama-3.1-8b-instant,fi-en,fi,en,unspecified,100,0.820784660577774,0.8525989949703217,0.10563652488357614,0.6487206935882568,0.7484962940216064,0.8957096189260483,0.9345277965068818
translations_llama-3.1-8b-instant_fr-de.csv,llama-3.1-8b-instant,fr-de,fr,de,unspecified,100,0.5814317777752877,0.5828456282615662,0.11287568740515112,0.44717276394367217,0.5028942972421646,0.6570759415626526,0.7179030299186706
translations_llama-3.1-8b-instant_gu-en.csv,llama-3.1-8b-instant,gu-en,gu,en,unspecified,100,0.8033442527055741,0.8221535682678223,0.11378852513495226,0.6440806925296784,0.7620588392019272,0.8834229707717896,0.9222431182861328
translations_llama-3.1-8b-instant_kk-en.csv,llama-3.1-8b-instant,kk-en,kk,en,unspecified,100,0.7175468927621842,0.7310706973075867,0.13072833185923954,0.5387034475803375,0.6388680636882782,0.8285498470067978,0.8668674349784852
translations_llama-3.1-8b-instant_lt-en.csv,llama-3.1-8b-instant,lt-en,lt,en,unspecified,100,0.7661106970906257,0.7911255955696106,0.10917519943459324,0.6024784445762634,0.6847216188907623,0.8521260023117065,0.8901788592338562
translations_llama-3.1-8b-instant_ru-en.csv,llama-3.1-8b-instant,ru-en,ru,en,unspecified,100,0.8127970504760742,0.839026153087616,0.09866426396914038,0.6670964539051056,0.7838137596845627,0.8742318451404572,0.901738041639328
translations_llama-3.1-8b-instant_tr-en.csv,llama-3.1-8b-instant,tr-en,tr,en,unspecified,100,0.858418687582016,0.8760136365890503,0.07910360088255204,0.7653645038604736,0.8342549502849579,0.9028360694646835,0.9352668166160584
translations_llama-3.1-8b-instant_zh-en.csv,llama-3.1-8b-instant,zh-en,zh,en,unspecified,100,0.835188295841217,0.8559206426143646,0.0782348101682766,0.7307371079921723,0.8106818497180939,0.884875163435936,0.9118223130702973
translations_llama-3.2-90b-vision-preview_bn-en.csv,llama-3.2-90b-vision-preview,bn-en,bn,en,unspecified,100,0.9126049268245697,0.915471613407135,0.03338262058927627,0.8776051044464112,0.8896312713623047,0.9330167919397354,0.9526724994182587
translations_llama-3.2-90b-vision-preview_cs-en.csv,llama-3.2-90b-vision-preview,cs-en,cs,en,unspecified,100,0.8600386536121368,0.8805267810821533,0.08732934741268181,0.7700238943099975,0.8333042562007904,0.9102733880281448,0.928725004196167
translations_llama-3.2-90b-vision-preview_de-en.csv,llama-3.2-90b-vision-preview,de-en,de,en,unspecified,100,0.8649754422903061,0.8769052922725677,0.07298931519532358,0.7688910782337188,0.8358718603849411,0.9095195382833481,0.9343412160873413
translations_llama-3.2-90b-vision-preview_en-bn.csv,llama-3.2-90b-vision-preview,en-bn,en,bn,unspecified,100,0.9288231015205384,0.936481386423111,0.03718787518622301,0.884837019443512,0.9137643128633499,0.9541119933128357,0.9627651572227478
translations_llama-3.2-90b-vision-preview_et-en.csv,llama-3.2-90b-vision-preview,et-en,et,en,unspecified,100,0.8818056887388229,0.894619882106781,0.06753261464976265,0.792789077758789,0.8409198373556137,0.9249979704618454,0.9574420273303985
translations_llama-3.2-90b-vision-preview_fi-en.csv,llama-3.2-90b-vision-preview,fi-en,fi,en,unspecified,100,0.875835189819336,0.8839061260223389,0.05589906699441502,0.8037924885749816,0.8472733497619629,0.9157142043113708,0.93997842669487
translations_llama-3.2-90b-vision-preview_fr-de.csv,llama-3.2-90b-vision-preview,fr-de,fr,de,unspecified,100,0.7987055706977845,0.8308156132698059,0.1311596675583206,0.589082682132721,0.7568173110485077,0.8893372863531113,0.927899295091629
translations_llama-3.2-90b-vision-preview_gu-en.csv,llama-3.2-90b-vision-preview,gu-en,gu,en,unspecified,100,0.8887078607082367,0.9024956226348877,0.05249592374026102,0.8150151431560516,0.8667828738689423,0.9222431927919388,0.9406331777572632
translations_llama-3.2-90b-vision-preview_kk-en.csv,llama-3.2-90b-vision-preview,kk-en,kk,en,unspecified,100,0.8506041598320008,0.8594689667224884,0.06136509096099352,0.7874961912631988,0.8203152567148209,0.8870120793581009,0.9162602365016937
translations_llama-3.2-90b-vision-preview_lt-en.csv,llama-3.2-90b-vision-preview,lt-en,lt,en,unspecified,100,0.8397492384910583,0.8540879487991333,0.06472270445655419,0.7481408655643463,0.8149487972259521,0.880358949303627,0.9066283822059632
translations_llama-3.2-90b-vision-preview_ru-en.csv,llama-3.2-90b-vision-preview,ru-en,ru,en,unspecified,100,0.8515913146734237,0.859784334897995,0.061072359559205744,0.7782801270484925,0.8262616395950317,0.882837176322937,0.9135486483573914
translations_llama-3.2-90b-vision-preview_tr-en.csv,llama-3.2-90b-vision-preview,tr-en,tr,en,unspecified,100,0.8889969468116761,0.898115873336792,0.054122930860822704,0.8307721138000488,0.8670640587806702,0.9233319908380508,0.947078275680542
translations_llama-3.2-90b-vision-preview_zh-en.csv,llama-3.2-90b-vision-preview,zh-en,zh,en,unspecified,100,0.8589658617973328,0.867508053779602,0.05977904718055881,0.7959561824798584,0.8307257443666458,0.8950740545988083,0.9166564285755158
translations_llama3-groq-70b-8192-tool-use-preview_bn-en.csv,llama3-groq-70b-8192-tool-use-preview,bn-en,bn,en,unspecified,100,0.9017928689718246,0.906950056552887,0.03350231622305732,0.8587674856185913,0.8783518522977829,0.924589216709137,0.9453767120838166
translations_llama3-groq-70b-8192-tool-use-preview_cs-en.csv,llama3-groq-70b-8192-tool-use-preview,cs-en,cs,en,unspecified,100,0.8443790152668953,0.8717358708381653,0.09996938165301794,0.7119118213653565,0.8208529055118561,0.9047444611787796,0.9283549368381501
translations_llama3-groq-70b-8192-tool-use-preview_de-en.csv,llama3-groq-70b-8192-tool-use-preview,de-en,de,en,unspecified,100,0.8542128059267998,0.8663499653339386,0.0829070088962627,0.7828015625476837,0.8208751976490021,0.904781237244606,0.9296369135379792
translations_llama3-groq-70b-8192-tool-use-preview_en-bn.csv,llama3-groq-70b-8192-tool-use-preview,en-bn,en,bn,unspecified,100,0.9153476651012897,0.931696891784668,0.081244576841547,0.8810406565666199,0.9041532576084137,0.9462271481752396,0.9600400447845459
translations_llama3-groq-70b-8192-tool-use-preview_et-en.csv,llama3-groq-70b-8192-tool-use-preview,et-en,et,en,unspecified,100,0.8803661680221557,0.8969005644321442,0.07137229484920227,0.7933386921882629,0.8477184474468231,0.9278417229652405,0.9557950556278229
translations_llama3-groq-70b-8192-tool-use-preview_fi-en.csv,llama3-groq-70b-8192-tool-use-preview,fi-en,fi,en,unspecified,100,0.8455112531781197,0.8706629872322083,0.09595451374369512,0.7304916501045227,0.8170295655727386,0.9070474803447723,0.9388016045093537
translations_llama3-groq-70b-8192-tool-use-preview_fr-de.csv,llama3-groq-70b-8192-tool-use-preview,fr-de,fr,de,unspecified,100,0.772473621070385,0.8184479176998138,0.14524897769594555,0.5432585000991821,0.723694920539856,0.8621601611375809,0.9198399305343629
translations_llama3-groq-70b-8192-tool-use-preview_gu-en.csv,llama3-groq-70b-8192-tool-use-preview,gu-en,gu,en,unspecified,100,0.8564716601371765,0.8806997537612915,0.08282058690697555,0.7652302086353302,0.8199666887521744,0.9119885861873627,0.9340490758419037
translations_llama3-groq-70b-8192-tool-use-preview_kk-en.csv,llama3-groq-70b-8192-tool-use-preview,kk-en,kk,en,unspecified,100,0.819980551302433,0.8410100936889648,0.09154960892808152,0.7304535329341888,0.7817142456769943,0.8793164193630219,0.9112049043178558
translations_llama3-groq-70b-8192-tool-use-preview_lt-en.csv,llama3-groq-70b-8192-tool-use-preview,lt-en,lt,en,unspecified,100,0.8124787071347237,0.8388676047325134,0.08778790716697672,0.6789839684963226,0.7751515805721283,0.8670825660228729,0.8914310574531555
translations_llama3-groq-70b-8192-tool-use-preview_ru-en.csv,llama3-groq-70b-8192-tool-use-preview,ru-en,ru,en,unspecified,100,0.8477792820334434,0.8529020845890045,0.06653948625628435,0.7853007972240448,0.8208694010972977,0.8846673369407654,0.9047019064426423
translations_llama3-groq-70b-8192-tool-use-preview_tr-en.csv,llama3-groq-70b-8192-tool-use-preview,tr-en,tr,en,unspecified,100,0.8744913828372955,0.8851052224636078,0.062092560962651554,0.8092859506607055,0.8497627377510071,0.9171461015939713,0.9369901776313782
translations_llama3-groq-70b-8192-tool-use-preview_zh-en.csv,llama3-groq-70b-8192-tool-use-preview,zh-en,zh,en,unspecified,100,0.857561145722866,0.8664723634719849,0.057998504581733765,0.7990187525749206,0.8314844220876694,0.8871629238128662,0.9210551083087921
translations_llama3-groq-8b-8192-tool-use-preview_bn-en.csv,llama3-groq-8b-8192-tool-use-preview,bn-en,bn,en,unspecified,100,0.8548918208479881,0.8665182292461395,0.0732947044310409,0.7898775219917298,0.8203819990158081,0.9008212983608246,0.9270286262035371
translations_llama3-groq-8b-8192-tool-use-preview_cs-en.csv,llama3-groq-8b-8192-tool-use-preview,cs-en,cs,en,unspecified,100,0.7791567635536194,0.8255813419818878,0.12239297378325259,0.6069772660732269,0.6842249780893326,0.8758890479803085,0.9014703214168549
translations_llama3-groq-8b-8192-tool-use-preview_de-en.csv,llama3-groq-8b-8192-tool-use-preview,de-en,de,en,unspecified,100,0.8319935429096222,0.858246237039566,0.09120489424638353,0.693231201171875,0.7975979745388031,0.8891171216964722,0.9220651507377625
translations_llama3-groq-8b-8192-tool-use-preview_en-bn.csv,llama3-groq-8b-8192-tool-use-preview,en-bn,en,bn,unspecified,100,0.8592284581065178,0.8788508176803589,0.09606626264471727,0.7747389197349548,0.8263766914606094,0.9134865552186966,0.9468317031860352
translations_llama3-groq-8b-8192-tool-use-preview_et-en.csv,llama3-groq-8b-8192-tool-use-preview,et-en,et,en,unspecified,100,0.7764490842819214,0.8206739127635956,0.15114323990536382,0.5644040763378143,0.7044306546449661,0.8900337517261505,0.9232464611530304
translations_llama3-groq-8b-8192-tool-use-preview_fi-en.csv,llama3-groq-8b-8192-tool-use-preview,fi-en,fi,en,unspecified,100,0.7947834488749504,0.8345845639705658,0.11648958654336963,0.6182170689105988,0.7271952927112579,0.8774775713682175,0.9092547655105591
translations_llama3-groq-8b-8192-tool-use-preview_fr-de.csv,llama3-groq-8b-8192-tool-use-preview,fr-de,fr,de,unspecified,100,0.7101652631163597,0.7703683972358704,0.16898041093780983,0.4263568431138992,0.5830384790897369,0.8315052837133408,0.9007836103439331
translations_llama3-groq-8b-8192-tool-use-preview_gu-en.csv,llama3-groq-8b-8192-tool-use-preview,gu-en,gu,en,unspecified,100,0.7503537249565124,0.792679101228714,0.13054918904676982,0.49657916724681855,0.7024204581975937,0.8471117466688156,0.8665979444980622
translations_llama3-groq-8b-8192-tool-use-preview_kk-en.csv,llama3-groq-8b-8192-tool-use-preview,kk-en,kk,en,unspecified,100,0.7457794171571731,0.770243912935257,0.10773058533501159,0.590220707654953,0.7036959230899811,0.8203093856573105,0.8531665086746216
translations_llama3-groq-8b-8192-tool-use-preview_lt-en.csv,llama3-groq-8b-8192-tool-use-preview,lt-en,lt,en,unspecified,100,0.7396673607826233,0.7532331049442291,0.11572868027215223,0.5727234363555909,0.6794473379850388,0.82411889731884,0.8674278259277344
translations_llama3-groq-8b-8192-tool-use-preview_ru-en.csv,llama3-groq-8b-8192-tool-use-preview,ru-en,ru,en,unspecified,100,0.8117375129461288,0.8221293985843658,0.08198407360916114,0.7128804564476013,0.787612110376358,0.8623292744159698,0.8919541895389557
translations_llama3-groq-8b-8192-tool-use-preview_tr-en.csv,llama3-groq-8b-8192-tool-use-preview,tr-en,tr,en,unspecified,100,0.8075046095252038,0.8413008451461792,0.11075621364702914,0.6297288656234741,0.7719475626945496,0.8834335952997208,0.9088769078254699
translations_llama3-groq-8b-8192-tool-use-preview_zh-en.csv,llama3-groq-8b-8192-tool-use-preview,zh-en,zh,en,unspecified,100,0.8321554762125015,0.8465395867824554,0.06489508472612061,0.7563850343227386,0.8061410337686539,0.8716033846139908,0.8923712730407715
translations_mixtral-8x7b-32768_bn-en.csv,mixtral-8x7b-32768,bn-en,bn,en,unspecified,100,0.8556373384594917,0.8777188658714294,0.09000754921085036,0.7462245643138885,0.839712381362915,0.9082952439785004,0.9350513577461242
translations_mixtral-8x7b-32768_cs-en.csv,mixtral-8x7b-32768,cs-en,cs,en,unspecified,100,0.7684314227104188,0.8396134972572327,0.1524793330994038,0.5087993443012238,0.6683356463909149,0.8847238123416901,0.9102068424224854
translations_mixtral-8x7b-32768_de-en.csv,mixtral-8x7b-32768,de-en,de,en,unspecified,100,0.8275497326254845,0.860022097826004,0.10156052393484538,0.6785464227199555,0.8062015771865845,0.8908442705869675,0.921915465593338
translations_mixtral-8x7b-32768_en-bn.csv,mixtral-8x7b-32768,en-bn,en,bn,unspecified,100,0.4279133731126785,0.4073888957500458,0.0973974635046079,0.3336735486984253,0.36086762696504593,0.45999109745025635,0.5640191376209261
translations_mixtral-8x7b-32768_et-en.csv,mixtral-8x7b-32768,et-en,et,en,unspecified,100,0.6949258959293365,0.7260367572307587,0.18108199435112374,0.4374293327331543,0.522832065820694,0.8534113615751266,0.9086502313613892
translations_mixtral-8x7b-32768_fi-en.csv,mixtral-8x7b-32768,fi-en,fi,en,unspecified,100,0.7621015229821205,0.8251035511493683,0.15175635009828314,0.5063215851783752,0.6578242480754852,0.877754420042038,0.9132089912891388
translations_mixtral-8x7b-32768_fr-de.csv,mixtral-8x7b-32768,fr-de,fr,de,unspecified,100,0.6600868883728981,0.7621576488018036,0.21249930680043502,0.3363175243139267,0.4491656571626663,0.838802307844162,0.8843261361122131
translations_mixtral-8x7b-32768_gu-en.csv,mixtral-8x7b-32768,gu-en,gu,en,unspecified,100,0.7059146842360496,0.7198306024074554,0.1331632244826792,0.523376590013504,0.6247355192899704,0.7994479686021805,0.8676557719707491
translations_mixtral-8x7b-32768_kk-en.csv,mixtral-8x7b-32768,kk-en,kk,en,unspecified,100,0.6218956640362739,0.6490842401981354,0.12998693095277952,0.43832191824913025,0.5414088070392609,0.712815135717392,0.7753051340579987
translations_mixtral-8x7b-32768_lt-en.csv,mixtral-8x7b-32768,lt-en,lt,en,unspecified,100,0.6973307567834854,0.7325985431671143,0.14675575308913377,0.4784533232450485,0.5811425894498825,0.8275759071111679,0.8603558838367462
translations_mixtral-8x7b-32768_ru-en.csv,mixtral-8x7b-32768,ru-en,ru,en,unspecified,100,0.8131074306368827,0.8387133181095123,0.10605808291627587,0.6265248239040375,0.7970840334892273,0.8708418905735016,0.9060091018676758
translations_mixtral-8x7b-32768_tr-en.csv,mixtral-8x7b-32768,tr-en,tr,en,unspecified,100,0.8040548178553582,0.8410395085811615,0.11678514922994886,0.6081420958042145,0.7568211555480957,0.8886126726865768,0.9190157532691956
translations_mixtral-8x7b-32768_zh-en.csv,mixtral-8x7b-32768,zh-en,zh,en,unspecified,100,0.8263794800639153,0.8525753319263458,0.09319288109077357,0.7365803062915802,0.8044609576463699,0.8740021139383316,0.9066131711006165
